{
    "name": "root",
    "gauges": {
        "MoveToGoal.Policy.Entropy.mean": {
            "value": 15.923768043518066,
            "min": 15.37515640258789,
            "max": 15.923768043518066,
            "count": 17
        },
        "MoveToGoal.Policy.Entropy.sum": {
            "value": 158282.25,
            "min": 153460.75,
            "max": 160132.46875,
            "count": 17
        },
        "MoveToGoal.Environment.EpisodeLength.mean": {
            "value": 24.1710843373494,
            "min": 20.535331905781586,
            "max": 26.206611570247933,
            "count": 17
        },
        "MoveToGoal.Environment.EpisodeLength.sum": {
            "value": 10031.0,
            "min": 9134.0,
            "max": 10143.0,
            "count": 17
        },
        "MoveToGoal.Step.mean": {
            "value": 169948.0,
            "min": 9976.0,
            "max": 169948.0,
            "count": 17
        },
        "MoveToGoal.Step.sum": {
            "value": 169948.0,
            "min": 9976.0,
            "max": 169948.0,
            "count": 17
        },
        "MoveToGoal.Policy.ExtrinsicValueEstimate.mean": {
            "value": -10050.0458984375,
            "min": -10090.1806640625,
            "max": -10026.130859375,
            "count": 17
        },
        "MoveToGoal.Policy.ExtrinsicValueEstimate.sum": {
            "value": -4623021.0,
            "min": -5014820.0,
            "max": -4170870.5,
            "count": 17
        },
        "MoveToGoal.Environment.CumulativeReward.mean": {
            "value": -17.433734939759034,
            "min": -17.433734939759034,
            "max": -8.316195372750643,
            "count": 17
        },
        "MoveToGoal.Environment.CumulativeReward.sum": {
            "value": -7235.0,
            "min": -7235.0,
            "max": -3235.0,
            "count": 17
        },
        "MoveToGoal.Policy.ExtrinsicReward.mean": {
            "value": -17.433734939759034,
            "min": -17.433734939759034,
            "max": -8.316195372750643,
            "count": 17
        },
        "MoveToGoal.Policy.ExtrinsicReward.sum": {
            "value": -7235.0,
            "min": -7235.0,
            "max": -3235.0,
            "count": 17
        },
        "MoveToGoal.IsTraining.mean": {
            "value": 1.0,
            "min": 1.0,
            "max": 1.0,
            "count": 17
        },
        "MoveToGoal.IsTraining.sum": {
            "value": 1.0,
            "min": 1.0,
            "max": 1.0,
            "count": 17
        },
        "MoveToGoal.Losses.PolicyLoss.mean": {
            "value": 0.0,
            "min": 0.0,
            "max": 0.0,
            "count": 14
        },
        "MoveToGoal.Losses.PolicyLoss.sum": {
            "value": 0.0,
            "min": 0.0,
            "max": 0.0,
            "count": 14
        },
        "MoveToGoal.Losses.ValueLoss.mean": {
            "value": Infinity,
            "min": Infinity,
            "max": Infinity,
            "count": 14
        },
        "MoveToGoal.Losses.ValueLoss.sum": {
            "value": Infinity,
            "min": Infinity,
            "max": Infinity,
            "count": 14
        },
        "MoveToGoal.Policy.LearningRate.mean": {
            "value": 0.0002998989636336788,
            "min": 0.0002998989636336788,
            "max": 0.00029999278500240494,
            "count": 14
        },
        "MoveToGoal.Policy.LearningRate.sum": {
            "value": 0.0002998989636336788,
            "min": 0.0002998989636336788,
            "max": 0.00029999278500240494,
            "count": 14
        },
        "MoveToGoal.Policy.Epsilon.mean": {
            "value": 0.49986528480000014,
            "min": 0.49986528480000014,
            "max": 0.49999037999999996,
            "count": 14
        },
        "MoveToGoal.Policy.Epsilon.sum": {
            "value": 0.49986528480000014,
            "min": 0.49986528480000014,
            "max": 0.49999037999999996,
            "count": 14
        },
        "MoveToGoal.Policy.Beta.mean": {
            "value": 0.0004998349738800001,
            "min": 0.0004998349738800001,
            "max": 0.0004999882154999999,
            "count": 14
        },
        "MoveToGoal.Policy.Beta.sum": {
            "value": 0.0004998349738800001,
            "min": 0.0004998349738800001,
            "max": 0.0004999882154999999,
            "count": 14
        }
    },
    "metadata": {
        "timer_format_version": "0.1.0",
        "start_time_seconds": "1692802334",
        "python_version": "3.9.13 (main, Aug 25 2022, 23:51:50) [MSC v.1916 64 bit (AMD64)]",
        "command_line_arguments": "C:\\Users\\Ho Yan\\Final MSc\\venv\\Scripts\\mlagents-learn config/MoveToGoal.yaml --initialize-from=Test13 --run-id=Test14",
        "mlagents_version": "0.30.0",
        "mlagents_envs_version": "0.30.0",
        "communication_protocol_version": "1.5.0",
        "pytorch_version": "2.0.1+cpu",
        "numpy_version": "1.21.2",
        "end_time_seconds": "1692802443"
    },
    "total": 109.1886871,
    "count": 1,
    "self": 0.005466699999999491,
    "children": {
        "run_training.setup": {
            "total": 0.07611440000000003,
            "count": 1,
            "self": 0.07611440000000003
        },
        "TrainerController.start_learning": {
            "total": 109.107106,
            "count": 1,
            "self": 0.16969909999991728,
            "children": {
                "TrainerController._reset_env": {
                    "total": 5.6190858,
                    "count": 1,
                    "self": 5.6190858
                },
                "TrainerController.advance": {
                    "total": 103.2342269000001,
                    "count": 8855,
                    "self": 0.14123430000088888,
                    "children": {
                        "env_step": {
                            "total": 48.92818039999977,
                            "count": 8855,
                            "self": 43.681791399999746,
                            "children": {
                                "SubprocessEnvManager._take_step": {
                                    "total": 5.149086299999859,
                                    "count": 8855,
                                    "self": 0.4140014999996078,
                                    "children": {
                                        "TorchPolicy.evaluate": {
                                            "total": 4.7350848000002514,
                                            "count": 8855,
                                            "self": 4.7350848000002514
                                        }
                                    }
                                },
                                "workers": {
                                    "total": 0.09730270000016361,
                                    "count": 8854,
                                    "self": 0.0,
                                    "children": {
                                        "worker_root": {
                                            "total": 103.21867599999999,
                                            "count": 8854,
                                            "is_parallel": true,
                                            "self": 70.21455690000067,
                                            "children": {
                                                "steps_from_proto": {
                                                    "total": 0.0005304000000005971,
                                                    "count": 1,
                                                    "is_parallel": true,
                                                    "self": 0.00012010000000106658,