{
    "name": "root",
    "gauges": {
        "MoveToGoal.Policy.Entropy.mean": {
            "value": -5.9742560386657715,
            "min": -5.9847493171691895,
            "max": -5.965261936187744,
            "count": 44
        },
        "MoveToGoal.Policy.Entropy.sum": {
            "value": -59981.53125,
            "min": -63343.1640625,
            "max": -58010.1171875,
            "count": 44
        },
        "MoveToGoal.Environment.EpisodeLength.mean": {
            "value": 1890.0,
            "min": 114.77777777777777,
            "max": 5146.0,
            "count": 38
        },
        "MoveToGoal.Environment.EpisodeLength.sum": {
            "value": 9450.0,
            "min": 606.0,
            "max": 30562.0,
            "count": 38
        },
        "MoveToGoal.Step.mean": {
            "value": 439975.0,
            "min": 9964.0,
            "max": 439975.0,
            "count": 44
        },
        "MoveToGoal.Step.sum": {
            "value": 439975.0,
            "min": 9964.0,
            "max": 439975.0,
            "count": 44
        },
        "MoveToGoal.Policy.ExtrinsicValueEstimate.mean": {
            "value": 0.002037790836766362,
            "min": -4.38969612121582,
            "max": 7.272663593292236,
            "count": 44
        },
        "MoveToGoal.Policy.ExtrinsicValueEstimate.sum": {
            "value": 0.32197093963623047,
            "min": -697.961669921875,
            "max": 1367.2607421875,
            "count": 44
        },
        "MoveToGoal.Policy.GailValueEstimate.mean": {
            "value": 21.84715461730957,
            "min": 18.714967727661133,
            "max": 45.36227035522461,
            "count": 44
        },
        "MoveToGoal.Policy.GailValueEstimate.sum": {
            "value": 3451.850341796875,
            "min": 2956.96484375,
            "max": 7076.51416015625,
            "count": 44
        },
        "MoveToGoal.Environment.CumulativeReward.mean": {
            "value": 86.5,
            "min": -66.66666666666667,
            "max": 98.66666666666667,
            "count": 38
        },
        "MoveToGoal.Environment.CumulativeReward.sum": {
            "value": 346.0,
            "min": -713.0,
            "max": 346.0,
            "count": 38
        },
        "MoveToGoal.Policy.ExtrinsicReward.mean": {
            "value": 86.5,
            "min": -66.66666666666667,
            "max": 98.66666666666667,
            "count": 38
        },
        "MoveToGoal.Policy.ExtrinsicReward.sum": {
            "value": 346.0,
            "min": -713.0,
            "max": 346.0,
            "count": 38
        },
        "MoveToGoal.Policy.GailReward.mean": {
            "value": 400.5693440618925,
            "min": 13.524657428264618,
            "max": 2182.528190395484,
            "count": 38
        },
        "MoveToGoal.Policy.GailReward.sum": {
            "value": 1602.27737624757,
            "min": 13.524657428264618,
            "max": 13095.169142372906,
            "count": 38
        },
        "MoveToGoal.IsTraining.mean": {
            "value": 1.0,
            "min": 1.0,
            "max": 1.0,
            "count": 44
        },
        "MoveToGoal.IsTraining.sum": {
            "value": 1.0,
            "min": 1.0,
            "max": 1.0,
            "count": 44
        },
        "MoveToGoal.Losses.PolicyLoss.mean": {
            "value": 0.2728564670005589,
            "min": 0.20019234976717742,
            "max": 0.3039092528798901,
            "count": 36
        },
        "MoveToGoal.Losses.PolicyLoss.sum": {
            "value": 0.2728564670005589,
            "min": 0.20019234976717742,
            "max": 0.3039092528798901,
            "count": 36
        },
        "MoveToGoal.Losses.ValueLoss.mean": {
            "value": 4.14502847110126,
            "min": 4.14502847110126,
            "max": 21.67379771799281,
            "count": 36
        },
        "MoveToGoal.Losses.ValueLoss.sum": {
            "value": 4.14502847110126,
            "min": 4.14502847110126,
            "max": 21.67379771799281,
            "count": 36
        },
        "MoveToGoal.Policy.LearningRate.mean": {
            "value": 0.00029740055486648204,
            "min": 0.00029740055486648204,
            "max": 0.00029992789202403603,
            "count": 36
        },
        "MoveToGoal.Policy.LearningRate.sum": {
            "value": 0.00029740055486648204,
            "min": 0.00029740055486648204,
            "max": 0.00029992789202403603,
            "count": 36
        },
        "MoveToGoal.Policy.Epsilon.mean": {
            "value": 0.199133518,
            "min": 0.199133518,
            "max": 0.19997596400000003,
            "count": 36
        },
        "MoveToGoal.Policy.Epsilon.sum": {
            "value": 0.199133518,
            "min": 0.199133518,
            "max": 0.19997596400000003,
            "count": 36
        },
        "MoveToGoal.Policy.Beta.mean": {
            "value": 0.0004957542382,
            "min": 0.0004957542382,
            "max": 0.0004998822235999998,
            "count": 36
        },
        "MoveToGoal.Policy.Beta.sum": {
            "value": 0.0004957542382,
            "min": 0.0004957542382,
            "max": 0.0004998822235999998,
            "count": 36
        },
        "MoveToGoal.Policy.GAILPolicyEstimate.mean": {
            "value": 0.19114151343386224,
            "min": 0.11559210296558298,
            "max": 0.2729915143750238,
            "count": 36
        },
        "MoveToGoal.Policy.GAILPolicyEstimate.sum": {
            "value": 0.19114151343386224,
            "min": 0.11559210296558298,
            "max": 0.2729915143750238,
            "count": 36
        },
        "MoveToGoal.Policy.GAILExpertEstimate.mean": {
            "value": 0.765165777071148,
            "min": 0.7152484568996705,
            "max": 0.8190876366435618,
            "count": 36
        },
        "MoveToGoal.Policy.GAILExpertEstimate.sum": {
            "value": 0.765165777071148,
            "min": 0.7152484568996705,
            "max": 0.8190876366435618,
            "count": 36
        },
        "MoveToGoal.Losses.GAILLoss.mean": {
            "value": 0.5546752506114067,
            "min": 0.3711980974328691,
            "max": 0.752570711184239,
            "count": 36
        },
        "MoveToGoal.Losses.GAILLoss.sum": {
            "value": 0.5546752506114067,
            "min": 0.3711980974328691,
            "max": 0.752570711184239,
            "count": 36
        },
        "MoveToGoal.Policy.GAILGradMagLoss.mean": {
            "value": 0.058552039047399314,
            "min": 0.04893848541727726,
            "max": 0.17481527004575897,
            "count": 36
        },
        "MoveToGoal.Policy.GAILGradMagLoss.sum": {
            "value": 0.058552039047399314,
            "min": 0.04893848541727726,
            "max": 0.17481527004575897,
            "count": 36
        },
        "MoveToGoal.Losses.PretrainingLoss.mean": {
            "value": 0.013177889632061124,
            "min": 0.006232549467804058,
            "max": 0.34237649383407737,
            "count": 36
        },
        "MoveToGoal.Losses.PretrainingLoss.sum": {
            "value": 0.013177889632061124,
            "min": 0.006232549467804058,
            "max": 0.34237649383407737,
            "count": 36
        }
    },
    "metadata": {
        "timer_format_version": "0.1.0",
        "start_time_seconds": "1692833625",
        "python_version": "3.9.13 (main, Aug 25 2022, 23:51:50) [MSC v.1916 64 bit (AMD64)]",
        "command_line_arguments": "C:\\Users\\Ho Yan\\Final MSc\\venv\\Scripts\\mlagents-learn config/MoveToGoal.yaml --initialize-from=Test37 --run-id=Test38",
        "mlagents_version": "0.30.0",
        "mlagents_envs_version": "0.30.0",
        "communication_protocol_version": "1.5.0",
        "pytorch_version": "2.0.1+cpu",
        "numpy_version": "1.21.2",
        "end_time_seconds": "1692833993"
    },