{
    "name": "root",
    "gauges": {
        "MoveToGoal.Policy.Entropy.mean": {
            "value": -0.22768379747867584,
            "min": -0.22768379747867584,
            "max": 1.4189382791519165,
            "count": 15
        },
        "MoveToGoal.Policy.Entropy.sum": {
            "value": -2231.30126953125,
            "min": -2231.30126953125,
            "max": 14359.6552734375,
            "count": 15
        },
        "MoveToGoal.Environment.EpisodeLength.mean": {
            "value": 1286.5714285714287,
            "min": 8.005395683453237,
            "max": 1542.142857142857,
            "count": 15
        },
        "MoveToGoal.Environment.EpisodeLength.sum": {
            "value": 18012.0,
            "min": 3999.0,
            "max": 18012.0,
            "count": 15
        },
        "MoveToGoal.Step.mean": {
            "value": 149947.0,
            "min": 9990.0,
            "max": 149947.0,
            "count": 15
        },
        "MoveToGoal.Step.sum": {
            "value": 149947.0,
            "min": 9990.0,
            "max": 149947.0,
            "count": 15
        },
        "MoveToGoal.Policy.ExtrinsicValueEstimate.mean": {
            "value": -42.987125396728516,
            "min": -55.965667724609375,
            "max": -0.6863732933998108,
            "count": 15
        },
        "MoveToGoal.Policy.ExtrinsicValueEstimate.sum": {
            "value": -7092.8759765625,
            "min": -9010.47265625,
            "max": -761.8743286132812,
            "count": 15
        },
        "MoveToGoal.Policy.GailValueEstimate.mean": {
            "value": 32.15441131591797,
            "min": 27.264209747314453,
            "max": 49.7315673828125,
            "count": 15
        },
        "MoveToGoal.Policy.GailValueEstimate.sum": {
            "value": 5305.47802734375,
            "min": 5305.47802734375,
            "max": 30263.2734375,
            "count": 15
        },
        "MoveToGoal.Environment.CumulativeReward.mean": {
            "value": -692.1428571428571,
            "min": -793.3333333333334,
            "max": -8.995495495495495,
            "count": 15
        },
        "MoveToGoal.Environment.CumulativeReward.sum": {
            "value": -9690.0,
            "min": -11460.0,
            "max": -2235.0,
            "count": 15
        },
        "MoveToGoal.Policy.ExtrinsicReward.mean": {
            "value": -692.1428571428571,
            "min": -793.3333333333334,
            "max": -8.995495495495495,
            "count": 15
        },
        "MoveToGoal.Policy.ExtrinsicReward.sum": {
            "value": -9690.0,
            "min": -11460.0,
            "max": -2235.0,
            "count": 15
        },
        "MoveToGoal.Policy.GailReward.mean": {
            "value": 492.8432045323508,
            "min": 41.351755042394544,
            "max": 963.1747564872106,
            "count": 15
        },
        "MoveToGoal.Policy.GailReward.sum": {
            "value": 6899.804863452911,
            "min": 1178.0677915811539,
            "max": 52266.99096107483,
            "count": 15
        },
        "MoveToGoal.IsTraining.mean": {
            "value": 1.0,
            "min": 1.0,
            "max": 1.0,
            "count": 15
        },
        "MoveToGoal.IsTraining.sum": {
            "value": 1.0,
            "min": 1.0,
            "max": 1.0,
            "count": 15
        },
        "MoveToGoal.Losses.PolicyLoss.mean": {
            "value": 0.22892731019949658,
            "min": 0.052690182394091636,
            "max": 0.22892731019949658,
            "count": 12
        },
        "MoveToGoal.Losses.PolicyLoss.sum": {
            "value": 0.22892731019949658,
            "min": 0.052690182394091636,
            "max": 0.22892731019949658,
            "count": 12
        },
        "MoveToGoal.Losses.ValueLoss.mean": {
            "value": 41.73746710973428,
            "min": 36.92910194396973,
            "max": 207.09580838853034,
            "count": 12
        },
        "MoveToGoal.Losses.ValueLoss.sum": {
            "value": 41.73746710973428,
            "min": 36.92910194396973,
            "max": 207.09580838853034,
            "count": 12
        },
        "MoveToGoal.Policy.LearningRate.mean": {
            "value": 0.00029913252628915795,
            "min": 0.00029913252628915795,
            "max": 0.00029992791002403,
            "count": 12
        },
        "MoveToGoal.Policy.LearningRate.sum": {
            "value": 0.00029913252628915795,
            "min": 0.00029913252628915795,
            "max": 0.00029992791002403,
            "count": 12
        },
        "MoveToGoal.Policy.Epsilon.mean": {
            "value": 0.010260242199999992,
            "min": 0.01002162699999999,
            "max": 0.010260242199999992,
            "count": 12
        },
        "MoveToGoal.Policy.Epsilon.sum": {
            "value": 0.010260242199999992,
            "min": 0.01002162699999999,
            "max": 0.010260242199999992,
            "count": 12
        },
        "MoveToGoal.Policy.Beta.mean": {
            "value": 0.0004985831258,
            "min": 0.0004985831258,
            "max": 0.0004998822530000002,
            "count": 12
        },
        "MoveToGoal.Policy.Beta.sum": {
            "value": 0.0004985831258,
            "min": 0.0004985831258,
            "max": 0.0004998822530000002,
            "count": 12
        },
        "MoveToGoal.Policy.GAILPolicyEstimate.mean": {
            "value": 0.2397471617722342,
            "min": 0.16417380862369918,
            "max": 0.3203740508843821,
            "count": 12
        },
        "MoveToGoal.Policy.GAILPolicyEstimate.sum": {
            "value": 0.2397471617722342,
            "min": 0.16417380862369918,
            "max": 0.3203740508843821,
            "count": 12
        },
        "MoveToGoal.Policy.GAILExpertEstimate.mean": {
            "value": 0.683281106306306,
            "min": 0.6557674361458907,
            "max": 0.759393524972425,
            "count": 12
        },
        "MoveToGoal.Policy.GAILExpertEstimate.sum": {
            "value": 0.683281106306306,
            "min": 0.6557674361458907,
            "max": 0.759393524972425,
            "count": 12
        },
        "MoveToGoal.Losses.GAILLoss.mean": {
            "value": 0.7294585582212354,
            "min": 0.6243402775431025,
            "max": 0.8644725942442603,
            "count": 12
        },
        "MoveToGoal.Losses.GAILLoss.sum": {
            "value": 0.7294585582212354,
            "min": 0.6243402775431025,
            "max": 0.8644725942442603,
            "count": 12
        },
        "MoveToGoal.Policy.GAILGradMagLoss.mean": {
            "value": 0.10005724741846111,
            "min": 0.10005724741846111,
            "max": 7.656002077503481,
            "count": 12
        },
        "MoveToGoal.Policy.GAILGradMagLoss.sum": {
            "value": 0.10005724741846111,
            "min": 0.10005724741846111,
            "max": 7.656002077503481,
            "count": 12
        },
        "MoveToGoal.Losses.PretrainingLoss.mean": {
            "value": 0.06553540746410372,
            "min": 0.06289759852859393,
            "max": 1.0375786370070523,
            "count": 12
        },
        "MoveToGoal.Losses.PretrainingLoss.sum": {
            "value": 0.06553540746410372,
            "min": 0.06289759852859393,
            "max": 1.0375786370070523,
            "count": 12
        }
    },
    "metadata": {
        "timer_format_version": "0.1.0",
        "start_time_seconds": "1692827806",
        "python_version": "3.9.13 (main, Aug 25 2022, 23:51:50) [MSC v.1916 64 bit (AMD64)]",
        "command_line_arguments": "C:\\Users\\Ho Yan\\Final MSc\\venv\\Scripts\\mlagents-learn config/MoveToGoal.yaml --run-id=Test32",
        "mlagents_version": "0.30.0",
        "mlagents_envs_version": "0.30.0",
        "communication_protocol_version": "1.5.0",
        "pytorch_version": "2.0.1+cpu",