{
    "name": "root",
    "gauges": {
        "MoveToGoal.Policy.Entropy.mean": {
            "value": -1.8110181093215942,
            "min": -1.8110181093215942,
            "max": -0.8141222596168518,
            "count": 30
        },
        "MoveToGoal.Policy.Entropy.sum": {
            "value": -18037.740234375,
            "min": -18037.740234375,
            "max": -8564.56640625,
            "count": 30
        },
        "MoveToGoal.Environment.EpisodeLength.mean": {
            "value": 1624.0,
            "min": 19.2,
            "max": 4999.0,
            "count": 30
        },
        "MoveToGoal.Environment.EpisodeLength.sum": {
            "value": 6496.0,
            "min": 384.0,
            "max": 26774.0,
            "count": 30
        },
        "MoveToGoal.Step.mean": {
            "value": 299945.0,
            "min": 9940.0,
            "max": 299945.0,
            "count": 30
        },
        "MoveToGoal.Step.sum": {
            "value": 299945.0,
            "min": 9940.0,
            "max": 299945.0,
            "count": 30
        },
        "MoveToGoal.Policy.ExtrinsicValueEstimate.mean": {
            "value": -15.50057601928711,
            "min": -23.11910057067871,
            "max": 51.37086868286133,
            "count": 30
        },
        "MoveToGoal.Policy.ExtrinsicValueEstimate.sum": {
            "value": -2464.591552734375,
            "min": -3652.81787109375,
            "max": 8733.0478515625,
            "count": 30
        },
        "MoveToGoal.Policy.GailValueEstimate.mean": {
            "value": 49.81281280517578,
            "min": 12.954465866088867,
            "max": 56.16204833984375,
            "count": 30
        },
        "MoveToGoal.Policy.GailValueEstimate.sum": {
            "value": 7920.2373046875,
            "min": 2202.25927734375,
            "max": 8929.765625,
            "count": 30
        },
        "MoveToGoal.Environment.CumulativeReward.mean": {
            "value": 60.0,
            "min": -985.0,
            "max": 172.5,
            "count": 30
        },
        "MoveToGoal.Environment.CumulativeReward.sum": {
            "value": 240.0,
            "min": -3015.0,
            "max": 345.0,
            "count": 30
        },
        "MoveToGoal.Policy.ExtrinsicReward.mean": {
            "value": 60.0,
            "min": -985.0,
            "max": 172.5,
            "count": 30
        },
        "MoveToGoal.Policy.ExtrinsicReward.sum": {
            "value": 240.0,
            "min": -3015.0,
            "max": 345.0,
            "count": 30
        },
        "MoveToGoal.Policy.GailReward.mean": {
            "value": 644.8209488540888,
            "min": 1.0941735967993735,
            "max": 4226.8019371032715,
            "count": 30
        },
        "MoveToGoal.Policy.GailReward.sum": {
            "value": 2579.283795416355,
            "min": 21.883471935987473,
            "max": 11772.222628355026,
            "count": 30
        },
        "MoveToGoal.IsTraining.mean": {
            "value": 1.0,
            "min": 1.0,
            "max": 1.0,
            "count": 30
        },
        "MoveToGoal.IsTraining.sum": {
            "value": 1.0,
            "min": 1.0,
            "max": 1.0,
            "count": 30
        },
        "MoveToGoal.Losses.PolicyLoss.mean": {
            "value": 0.09331214146569689,
            "min": 0.048823784594761506,
            "max": 0.18880626057268035,
            "count": 24
        },
        "MoveToGoal.Losses.PolicyLoss.sum": {
            "value": 0.09331214146569689,
            "min": 0.048823784594761506,
            "max": 0.18880626057268035,
            "count": 24
        },
        "MoveToGoal.Losses.ValueLoss.mean": {
            "value": 11.320617567562888,
            "min": 11.320617567562888,
            "max": 106.15878931681316,
            "count": 24
        },
        "MoveToGoal.Losses.ValueLoss.sum": {
            "value": 11.320617567562888,
            "min": 11.320617567562888,
            "max": 106.15878931681316,
            "count": 24
        },
        "MoveToGoal.Policy.LearningRate.mean": {
            "value": 0.00029982631385789535,
            "min": 0.00029982631385789535,
            "max": 0.00029999257680247445,
            "count": 24
        },
        "MoveToGoal.Policy.LearningRate.sum": {
            "value": 0.00029982631385789535,
            "min": 0.00029982631385789535,
            "max": 0.00029999257680247445,
            "count": 24
        },
        "MoveToGoal.Policy.Epsilon.mean": {
            "value": 0.19994210460000003,
            "min": 0.19994210460000003,
            "max": 0.19999752559999998,
            "count": 24
        },
        "MoveToGoal.Policy.Epsilon.sum": {
            "value": 0.19994210460000003,
            "min": 0.19994210460000003,
            "max": 0.19999752559999998,
            "count": 24
        },
        "MoveToGoal.Policy.Beta.mean": {
            "value": 0.0004997163125399999,
            "min": 0.0004997163125399999,
            "max": 0.00049998787544,
            "count": 24
        },
        "MoveToGoal.Policy.Beta.sum": {
            "value": 0.0004997163125399999,
            "min": 0.0004997163125399999,
            "max": 0.00049998787544,
            "count": 24
        },
        "MoveToGoal.Policy.GAILPolicyEstimate.mean": {
            "value": 0.3271202582416805,
            "min": 0.19023450031980044,
            "max": 0.3928983252549517,
            "count": 24
        },
        "MoveToGoal.Policy.GAILPolicyEstimate.sum": {
            "value": 0.3271202582416805,
            "min": 0.19023450031980044,
            "max": 0.3928983252549517,
            "count": 24
        },
        "MoveToGoal.Policy.GAILExpertEstimate.mean": {
            "value": 0.6808747560419934,
            "min": 0.6258500645989957,
            "max": 0.7681584018799994,
            "count": 24
        },
        "MoveToGoal.Policy.GAILExpertEstimate.sum": {
            "value": 0.6808747560419934,
            "min": 0.6258500645989957,
            "max": 0.7681584018799994,
            "count": 24
        },
        "MoveToGoal.Losses.GAILLoss.mean": {
            "value": 0.8651360539679832,
            "min": 0.5693159747040935,
            "max": 1.0634206278600555,
            "count": 24
        },
        "MoveToGoal.Losses.GAILLoss.sum": {
            "value": 0.8651360539679832,
            "min": 0.5693159747040935,
            "max": 1.0634206278600555,
            "count": 24
        },
        "MoveToGoal.Policy.GAILGradMagLoss.mean": {
            "value": 0.06074839249147591,
            "min": 0.02662643873254242,
            "max": 0.4186310693104234,
            "count": 24
        },
        "MoveToGoal.Policy.GAILGradMagLoss.sum": {
            "value": 0.06074839249147591,
            "min": 0.02662643873254242,
            "max": 0.4186310693104234,
            "count": 24
        },
        "MoveToGoal.Losses.PretrainingLoss.mean": {
            "value": 0.010425165822241633,
            "min": 0.009354571346193552,
            "max": 0.04031086322067985,
            "count": 24
        },
        "MoveToGoal.Losses.PretrainingLoss.sum": {
            "value": 0.010425165822241633,
            "min": 0.009354571346193552,
            "max": 0.04031086322067985,
            "count": 24
        }
    },
    "metadata": {
        "timer_format_version": "0.1.0",
        "start_time_seconds": "1692820349",
        "python_version": "3.9.13 (main, Aug 25 2022, 23:51:50) [MSC v.1916 64 bit (AMD64)]",
        "command_line_arguments": "C:\\Users\\Ho Yan\\Final MSc\\venv\\Scripts\\mlagents-learn config/MoveToGoal.yaml --initialize-from=Test22 --run-id=Test23",
        "mlagents_version": "0.30.0",
        "mlagents_envs_version": "0.30.0",
        "communication_protocol_version": "1.5.0",
        "pytorch_version": "2.0.1+cpu",
        "numpy_version": "1.21.2",