{
    "name": "root",
    "gauges": {
        "MoveToGoal.Policy.Entropy.mean": {
            "value": 1.4062923192977905,
            "min": 1.4062923192977905,
            "max": 1.4199485778808594,
            "count": 2
        },
        "MoveToGoal.Policy.Entropy.sum": {
            "value": 69787.2578125,
            "min": 69787.2578125,
            "max": 71671.90625,
            "count": 2
        },
        "MoveToGoal.Environment.EpisodeLength.mean": {
            "value": 10.547182775996335,
            "min": 10.547182775996335,
            "max": 32.82469304229195,
            "count": 2
        },
        "MoveToGoal.Environment.EpisodeLength.sum": {
            "value": 46049.0,
            "min": 46049.0,
            "max": 48121.0,
            "count": 2
        },
        "MoveToGoal.Step.mean": {
            "value": 99996.0,
            "min": 49971.0,
            "max": 99996.0,
            "count": 2
        },
        "MoveToGoal.Step.sum": {
            "value": 99996.0,
            "min": 49971.0,
            "max": 99996.0,
            "count": 2
        },
        "MoveToGoal.Policy.ExtrinsicValueEstimate.mean": {
            "value": 0.8050092458724976,
            "min": 0.8050092458724976,
            "max": 1.3691966533660889,
            "count": 2
        },
        "MoveToGoal.Policy.ExtrinsicValueEstimate.sum": {
            "value": 3546.870849609375,
            "min": 2256.43603515625,
            "max": 3546.870849609375,
            "count": 2
        },
        "MoveToGoal.Environment.CumulativeReward.mean": {
            "value": 0.9947308132875143,
            "min": -0.6473396998635743,
            "max": 0.9947308132875143,
            "count": 2
        },
        "MoveToGoal.Environment.CumulativeReward.sum": {
            "value": 4342.0,
            "min": -949.0,
            "max": 4342.0,
            "count": 2
        },
        "MoveToGoal.Policy.ExtrinsicReward.mean": {
            "value": 0.9947308132875143,
            "min": -0.6473396998635743,
            "max": 0.9947308132875143,
            "count": 2
        },
        "MoveToGoal.Policy.ExtrinsicReward.sum": {
            "value": 4342.0,
            "min": -949.0,
            "max": 4342.0,
            "count": 2
        },
        "MoveToGoal.Losses.PolicyLoss.mean": {
            "value": 0.026959442578566573,
            "min": 0.026958964664178593,
            "max": 0.026959442578566573,
            "count": 2
        },
        "MoveToGoal.Losses.PolicyLoss.sum": {
            "value": 0.13479721289283286,
            "min": 0.10783585865671437,
            "max": 0.13479721289283286,
            "count": 2
        },
        "MoveToGoal.Losses.ValueLoss.mean": {
            "value": 0.047523799694608904,
            "min": 0.047523799694608904,
            "max": 0.7089656563475728,
            "count": 2
        },
        "MoveToGoal.Losses.ValueLoss.sum": {
            "value": 0.23761899847304452,
            "min": 0.23761899847304452,
            "max": 2.835862625390291,
            "count": 2
        },
        "MoveToGoal.Policy.LearningRate.mean": {
            "value": 0.00025689925436692,
            "min": 0.00025689925436692,
            "max": 0.00028460925513025,
            "count": 2
        },
        "MoveToGoal.Policy.LearningRate.sum": {
            "value": 0.0012844962718346,
            "min": 0.001138437020521,
            "max": 0.0012844962718346,
            "count": 2
        },
        "MoveToGoal.Policy.Epsilon.mean": {
            "value": 0.18563308,
            "min": 0.18563308,
            "max": 0.19486975,
            "count": 2
        },
        "MoveToGoal.Policy.Epsilon.sum": {
            "value": 0.9281654,
            "min": 0.779479,
            "max": 0.9281654,
            "count": 2
        },
        "MoveToGoal.Policy.Beta.mean": {
            "value": 0.0042830906920000005,
            "min": 0.0042830906920000005,
            "max": 0.004744000525,
            "count": 2
        },
        "MoveToGoal.Policy.Beta.sum": {
            "value": 0.02141545346,
            "min": 0.0189760021,
            "max": 0.02141545346,
            "count": 2
        },
        "MoveToGoal.IsTraining.mean": {
            "value": 1.0,
            "min": 1.0,
            "max": 1.0,
            "count": 2
        },
        "MoveToGoal.IsTraining.sum": {
            "value": 1.0,
            "min": 1.0,
            "max": 1.0,
            "count": 2
        }
    },
    "metadata": {
        "timer_format_version": "0.1.0",
        "start_time_seconds": "1692657002",
        "python_version": "3.9.13 (main, Aug 25 2022, 23:51:50) [MSC v.1916 64 bit (AMD64)]",
        "command_line_arguments": "C:\\Users\\Ho Yan\\Final MSc\\venv\\Scripts\\mlagents-learn --force --run-id=MoveToGoal",
        "mlagents_version": "0.30.0",
        "mlagents_envs_version": "0.30.0",
        "communication_protocol_version": "1.5.0",
        "pytorch_version": "2.0.1+cpu",
        "numpy_version": "1.21.2",
        "end_time_seconds": "1692657148"
    },
    "total": 145.78898600000002,
    "count": 1,
    "self": 0.004124500000017406,
    "children": {
        "run_training.setup": {
            "total": 0.022915100000000077,
            "count": 1,
            "self": 0.022915100000000077
        },
        "TrainerController.start_learning": {
            "total": 145.7619464,
            "count": 1,
            "self": 0.2527545000000373,
            "children": {
                "TrainerController._reset_env": {
                    "total": 7.7088741,
                    "count": 1,
                    "self": 7.7088741
                },
                "TrainerController.advance": {
                    "total": 137.72649679999998,
                    "count": 10938,
                    "self": 0.21545360000052938,
                    "children": {
                        "env_step": {
                            "total": 107.4144249999999,
                            "count": 10938,
                            "self": 103.65294740000043,
                            "children": {
                                "SubprocessEnvManager._take_step": {
                                    "total": 3.622440800000275,
                                    "count": 10938,
                                    "self": 0.41920240000013465,
                                    "children": {
                                        "TorchPolicy.evaluate": {
                                            "total": 3.2032384000001404,
                                            "count": 4927,
                                            "self": 3.2032384000001404
                                        }
                                    }
                                },
                                "workers": {
                                    "total": 0.13903679999919305,
                                    "count": 10937,
                                    "self": 0.0,
                                    "children": {
                                        "worker_root": {
                                            "total": 81.80270669999979,
                                            "count": 10937,
                                            "is_parallel": true,
                                            "self": 45.612718100000066,
                                            "children": {
                                                "steps_from_proto": {
                                                    "total": 0.0005863000000001506,
                                                    "count": 1,
                                                    "is_parallel": true,
                                                    "self": 0.00020830000000060522,