{
    "name": "root",
    "gauges": {
        "MoveToGoal.Policy.Entropy.mean": {
            "value": -6.983000755310059,
            "min": -6.986220359802246,
            "max": -6.968254089355469,
            "count": 6
        },
        "MoveToGoal.Policy.Entropy.sum": {
            "value": -67455.7890625,
            "min": -73027.3046875,
            "max": -67455.7890625,
            "count": 6
        },
        "MoveToGoal.Environment.EpisodeLength.mean": {
            "value": 951.375,
            "min": 18.61111111111111,
            "max": 1778.142857142857,
            "count": 6
        },
        "MoveToGoal.Environment.EpisodeLength.sum": {
            "value": 7611.0,
            "min": 335.0,
            "max": 15120.0,
            "count": 6
        },
        "MoveToGoal.Step.mean": {
            "value": 59948.0,
            "min": 9953.0,
            "max": 59948.0,
            "count": 6
        },
        "MoveToGoal.Step.sum": {
            "value": 59948.0,
            "min": 9953.0,
            "max": 59948.0,
            "count": 6
        },
        "MoveToGoal.Policy.ExtrinsicValueEstimate.mean": {
            "value": -8.065174102783203,
            "min": -17.827516555786133,
            "max": 56.23345184326172,
            "count": 6
        },
        "MoveToGoal.Policy.ExtrinsicValueEstimate.sum": {
            "value": -1290.4278564453125,
            "min": -2834.5751953125,
            "max": 9447.2197265625,
            "count": 6
        },
        "MoveToGoal.Policy.GailValueEstimate.mean": {
            "value": 25.195117950439453,
            "min": 19.257089614868164,
            "max": 38.862159729003906,
            "count": 6
        },
        "MoveToGoal.Policy.GailValueEstimate.sum": {
            "value": 4031.21875,
            "min": 3115.4873046875,
            "max": 6179.08349609375,
            "count": 6
        },
        "MoveToGoal.Environment.CumulativeReward.mean": {
            "value": -117.5,
            "min": -1001.6666666666666,
            "max": -10.0,
            "count": 6
        },
        "MoveToGoal.Environment.CumulativeReward.sum": {
            "value": -940.0,
            "min": -6010.0,
            "max": -180.0,
            "count": 6
        },
        "MoveToGoal.Policy.ExtrinsicReward.mean": {
            "value": -117.5,
            "min": -1001.6666666666666,
            "max": -10.0,
            "count": 6
        },
        "MoveToGoal.Policy.ExtrinsicReward.sum": {
            "value": -940.0,
            "min": -6010.0,
            "max": -180.0,
            "count": 6
        },
        "MoveToGoal.Policy.GailReward.mean": {
            "value": 235.48227383662015,
            "min": 1.2487362194806337,
            "max": 984.6826901833216,
            "count": 6
        },
        "MoveToGoal.Policy.GailReward.sum": {
            "value": 1883.8581906929612,
            "min": 22.477251950651407,
            "max": 5908.09614109993,
            "count": 6
        },
        "MoveToGoal.IsTraining.mean": {
            "value": 1.0,
            "min": 1.0,
            "max": 1.0,
            "count": 6
        },
        "MoveToGoal.IsTraining.sum": {
            "value": 1.0,
            "min": 1.0,
            "max": 1.0,
            "count": 6
        },
        "MoveToGoal.Losses.PolicyLoss.mean": {
            "value": 0.34943021083554476,
            "min": 0.3468894785177623,
            "max": 0.4054310100360049,
            "count": 4
        },
        "MoveToGoal.Losses.PolicyLoss.sum": {
            "value": 0.34943021083554476,
            "min": 0.3468894785177623,
            "max": 0.4054310100360049,
            "count": 4
        },
        "MoveToGoal.Losses.ValueLoss.mean": {
            "value": 44.44200247906624,
            "min": 28.62317482968594,
            "max": 178.4390638139513,
            "count": 4
        },
        "MoveToGoal.Losses.ValueLoss.sum": {
            "value": 44.44200247906624,
            "min": 28.62317482968594,
            "max": 178.4390638139513,
            "count": 4
        },
        "MoveToGoal.Policy.LearningRate.mean": {
            "value": 0.0002997093000969,
            "min": 0.0002997093000969,
            "max": 0.000299926074024642,
            "count": 4
        },
        "MoveToGoal.Policy.LearningRate.sum": {
            "value": 0.0002997093000969,
            "min": 0.0002997093000969,
            "max": 0.000299926074024642,
            "count": 4
        },
        "MoveToGoal.Policy.Epsilon.mean": {
            "value": 0.010087210000000001,
            "min": 0.01002217779999999,
            "max": 0.010087210000000001,
            "count": 4
        },
        "MoveToGoal.Policy.Epsilon.sum": {
            "value": 0.010087210000000001,
            "min": 0.01002217779999999,
            "max": 0.010087210000000001,
            "count": 4
        },
        "MoveToGoal.Policy.Beta.mean": {
            "value": 0.00049952519,
            "min": 0.00049952519,
            "max": 0.0004998792542,
            "count": 4
        },
        "MoveToGoal.Policy.Beta.sum": {
            "value": 0.00049952519,
            "min": 0.00049952519,
            "max": 0.0004998792542,
            "count": 4
        },
        "MoveToGoal.Policy.GAILPolicyEstimate.mean": {
            "value": 0.19680386010213946,
            "min": 0.16099959006533027,
            "max": 0.22388218491212697,
            "count": 4
        },
        "MoveToGoal.Policy.GAILPolicyEstimate.sum": {
            "value": 0.19680386010213946,
            "min": 0.16099959006533027,
            "max": 0.22388218491212697,
            "count": 4
        },
        "MoveToGoal.Policy.GAILExpertEstimate.mean": {
            "value": 0.7800908025274885,
            "min": 0.778927797544087,
            "max": 0.7947186840077242,
            "count": 4
        },
        "MoveToGoal.Policy.GAILExpertEstimate.sum": {
            "value": 0.7800908025274885,
            "min": 0.778927797544087,
            "max": 0.7947186840077242,
            "count": 4
        },
        "MoveToGoal.Losses.GAILLoss.mean": {
            "value": 0.5819805877428528,
            "min": 0.4908142329918014,
            "max": 0.6177329974817046,
            "count": 4
        },
        "MoveToGoal.Losses.GAILLoss.sum": {
            "value": 0.5819805877428528,
            "min": 0.4908142329918014,
            "max": 0.6177329974817046,
            "count": 4
        },
        "MoveToGoal.Policy.GAILGradMagLoss.mean": {
            "value": 0.04527518280009006,
            "min": 0.03982802582178133,
            "max": 0.1606871550126622,
            "count": 4
        },
        "MoveToGoal.Policy.GAILGradMagLoss.sum": {
            "value": 0.04527518280009006,
            "min": 0.03982802582178133,
            "max": 0.1606871550126622,
            "count": 4
        },
        "MoveToGoal.Losses.PretrainingLoss.mean": {
            "value": 0.004778636854743122,
            "min": 0.004104195752737935,
            "max": 0.020087366619716503,
            "count": 4
        },
        "MoveToGoal.Losses.PretrainingLoss.sum": {
            "value": 0.004778636854743122,
            "min": 0.004104195752737935,
            "max": 0.020087366619716503,
            "count": 4
        }
    },
    "metadata": {
        "timer_format_version": "0.1.0",
        "start_time_seconds": "1692827713",
        "python_version": "3.9.13 (main, Aug 25 2022, 23:51:50) [MSC v.1916 64 bit (AMD64)]",
        "command_line_arguments": "C:\\Users\\Ho Yan\\Final MSc\\venv\\Scripts\\mlagents-learn config/MoveToGoal.yaml --initialize-from=Test30 --run-id=Test31",
        "mlagents_version": "0.30.0",
        "mlagents_envs_version": "0.30.0",
        "communication_protocol_version": "1.5.0",
        "pytorch_version": "2.0.1+cpu",
        "numpy_version": "1.21.2",
        "end_time_seconds": "1692827799"
    },
    "total": 85.6837737,
    "count": 1,