{
    "name": "root",
    "gauges": {
        "MoveToGoal.Policy.Entropy.mean": {
            "value": 15.334080696105957,
            "min": 13.568906784057617,
            "max": 15.334080696105957,
            "count": 52
        },
        "MoveToGoal.Policy.Entropy.sum": {
            "value": 151500.71875,
            "min": 133902.34375,
            "max": 153571.1875,
            "count": 52
        },
        "MoveToGoal.Environment.EpisodeLength.mean": {
            "value": 22.365909090909092,
            "min": 19.017857142857142,
            "max": 24.08974358974359,
            "count": 52
        },
        "MoveToGoal.Environment.EpisodeLength.sum": {
            "value": 9841.0,
            "min": 8856.0,
            "max": 10242.0,
            "count": 52
        },
        "MoveToGoal.Step.mean": {
            "value": 519947.0,
            "min": 9984.0,
            "max": 519947.0,
            "count": 52
        },
        "MoveToGoal.Step.sum": {
            "value": 519947.0,
            "min": 9984.0,
            "max": 519947.0,
            "count": 52
        },
        "MoveToGoal.Policy.ExtrinsicValueEstimate.mean": {
            "value": -60218.97265625,
            "min": -60330.07421875,
            "max": -60065.14453125,
            "count": 52
        },
        "MoveToGoal.Policy.ExtrinsicValueEstimate.sum": {
            "value": -28724450.0,
            "min": -31838534.0,
            "max": -26272188.0,
            "count": 52
        },
        "MoveToGoal.Environment.CumulativeReward.mean": {
            "value": -15.704545454545455,
            "min": -17.511363636363637,
            "max": -8.597430406852249,
            "count": 52
        },
        "MoveToGoal.Environment.CumulativeReward.sum": {
            "value": -6910.0,
            "min": -7705.0,
            "max": -3935.0,
            "count": 52
        },
        "MoveToGoal.Policy.ExtrinsicReward.mean": {
            "value": -15.704545454545455,
            "min": -17.511363636363637,
            "max": -8.597430406852249,
            "count": 52
        },
        "MoveToGoal.Policy.ExtrinsicReward.sum": {
            "value": -6910.0,
            "min": -7705.0,
            "max": -3935.0,
            "count": 52
        },
        "MoveToGoal.IsTraining.mean": {
            "value": 1.0,
            "min": 1.0,
            "max": 1.0,
            "count": 52
        },
        "MoveToGoal.IsTraining.sum": {
            "value": 1.0,
            "min": 1.0,
            "max": 1.0,
            "count": 52
        },
        "MoveToGoal.Losses.PolicyLoss.mean": {
            "value": 0.0,
            "min": 0.0,
            "max": 0.0,
            "count": 43
        },
        "MoveToGoal.Losses.PolicyLoss.sum": {
            "value": 0.0,
            "min": 0.0,
            "max": 0.0,
            "count": 43
        },
        "MoveToGoal.Losses.ValueLoss.mean": {
            "value": Infinity,
            "min": Infinity,
            "max": Infinity,
            "count": 43
        },
        "MoveToGoal.Losses.ValueLoss.sum": {
            "value": Infinity,
            "min": Infinity,
            "max": Infinity,
            "count": 43
        },
        "MoveToGoal.Policy.LearningRate.mean": {
            "value": 0.0002996895931034689,
            "min": 0.0002996895931034689,
            "max": 0.0002999927904024031,
            "count": 43
        },
        "MoveToGoal.Policy.LearningRate.sum": {
            "value": 0.0002996895931034689,
            "min": 0.0002996895931034689,
            "max": 0.0002999927904024031,
            "count": 43
        },
        "MoveToGoal.Policy.Epsilon.mean": {
            "value": 0.799275717,
            "min": 0.799275717,
            "max": 0.7999831775999999,
            "count": 43
        },
        "MoveToGoal.Policy.Epsilon.sum": {
            "value": 0.799275717,
            "min": 0.799275717,
            "max": 0.7999831775999999,
            "count": 43
        },
        "MoveToGoal.Policy.Beta.mean": {
            "value": 0.0004994930018999998,
            "min": 0.0004994930018999998,
            "max": 0.00049998822432,
            "count": 43
        },
        "MoveToGoal.Policy.Beta.sum": {
            "value": 0.0004994930018999998,
            "min": 0.0004994930018999998,
            "max": 0.00049998822432,
            "count": 43
        }
    },
    "metadata": {
        "timer_format_version": "0.1.0",
        "start_time_seconds": "1692802007",
        "python_version": "3.9.13 (main, Aug 25 2022, 23:51:50) [MSC v.1916 64 bit (AMD64)]",
        "command_line_arguments": "C:\\Users\\Ho Yan\\Final MSc\\venv\\Scripts\\mlagents-learn config/MoveToGoal.yaml --initialize-from=Test12 --run-id=Test13",
        "mlagents_version": "0.30.0",
        "mlagents_envs_version": "0.30.0",
        "communication_protocol_version": "1.5.0",
        "pytorch_version": "2.0.1+cpu",
        "numpy_version": "1.21.2",
        "end_time_seconds": "1692802303"
    },
    "total": 296.51094439999997,
    "count": 1,
    "self": 0.004387899999926503,
    "children": {
        "run_training.setup": {
            "total": 0.07637110000000003,
            "count": 1,
            "self": 0.07637110000000003
        },
        "TrainerController.start_learning": {
            "total": 296.4301854,
            "count": 1,
            "self": 0.4961588999985338,
            "children": {
                "TrainerController._reset_env": {
                    "total": 7.9098168,
                    "count": 1,
                    "self": 7.9098168
                },
                "TrainerController.advance": {
                    "total": 287.9883770000015,
                    "count": 26484,
                    "self": 0.40678650000035077,
                    "children": {
                        "env_step": {
                            "total": 142.30537740000125,
                            "count": 26484,
                            "self": 128.08329650000076,
                            "children": {
                                "SubprocessEnvManager._take_step": {
                                    "total": 13.935165200001062,
                                    "count": 26484,
                                    "self": 1.1998568000000098,
                                    "children": {
                                        "TorchPolicy.evaluate": {
                                            "total": 12.735308400001053,
                                            "count": 26484,
                                            "self": 12.735308400001053
                                        }
                                    }
                                },
                                "workers": {
                                    "total": 0.28691569999943134,
                                    "count": 26484,
                                    "self": 0.0,
                                    "children": {
                                        "worker_root": {
                                            "total": 287.2377204000005,
                                            "count": 26484,
                                            "is_parallel": true,
                                            "self": 190.22021649999846,
                                            "children": {
                                                "steps_from_proto": {
                                                    "total": 0.0009147999999994383,
                                                    "count": 1,
                                                    "is_parallel": true,
                                                    "self": 0.00014299999999867197,