{
    "name": "root",
    "gauges": {
        "MoveToGoal.Policy.Entropy.mean": {
            "value": 1.3819661140441895,
            "min": 1.3819661140441895,
            "max": 1.4298135042190552,
            "count": 47
        },
        "MoveToGoal.Policy.Entropy.sum": {
            "value": 13930.21875,
            "min": 13751.359375,
            "max": 14785.337890625,
            "count": 47
        },
        "MoveToGoal.Environment.EpisodeLength.mean": {
            "value": 67.53020134228188,
            "min": 18.36116504854369,
            "max": 67.53020134228188,
            "count": 47
        },
        "MoveToGoal.Environment.EpisodeLength.sum": {
            "value": 10062.0,
            "min": 9323.0,
            "max": 10062.0,
            "count": 47
        },
        "MoveToGoal.Step.mean": {
            "value": 469976.0,
            "min": 9979.0,
            "max": 469976.0,
            "count": 47
        },
        "MoveToGoal.Step.sum": {
            "value": 469976.0,
            "min": 9979.0,
            "max": 469976.0,
            "count": 47
        },
        "MoveToGoal.Policy.ExtrinsicValueEstimate.mean": {
            "value": 34.514591217041016,
            "min": 0.6864703297615051,
            "max": 34.514591217041016,
            "count": 47
        },
        "MoveToGoal.Policy.ExtrinsicValueEstimate.sum": {
            "value": 8490.58984375,
            "min": 223.1028594970703,
            "max": 10245.3779296875,
            "count": 47
        },
        "MoveToGoal.Environment.CumulativeReward.mean": {
            "value": 94.24800000071525,
            "min": 5.880487928212416,
            "max": 94.24800000071525,
            "count": 47
        },
        "MoveToGoal.Environment.CumulativeReward.sum": {
            "value": 14137.200000107288,
            "min": 1861.600058913231,
            "max": 14137.200000107288,
            "count": 47
        },
        "MoveToGoal.Policy.ExtrinsicReward.mean": {
            "value": 94.24800000071525,
            "min": 5.880487928212416,
            "max": 94.24800000071525,
            "count": 47
        },
        "MoveToGoal.Policy.ExtrinsicReward.sum": {
            "value": 14137.200000107288,
            "min": 1861.600058913231,
            "max": 14137.200000107288,
            "count": 47
        },
        "MoveToGoal.IsTraining.mean": {
            "value": 1.0,
            "min": 1.0,
            "max": 1.0,
            "count": 47
        },
        "MoveToGoal.IsTraining.sum": {
            "value": 1.0,
            "min": 1.0,
            "max": 1.0,
            "count": 47
        },
        "MoveToGoal.Losses.PolicyLoss.mean": {
            "value": 0.05229228202101662,
            "min": 0.041670219279191595,
            "max": 0.05879896008612021,
            "count": 39
        },
        "MoveToGoal.Losses.PolicyLoss.sum": {
            "value": 0.05229228202101662,
            "min": 0.041670219279191595,
            "max": 0.05879896008612021,
            "count": 39
        },
        "MoveToGoal.Losses.ValueLoss.mean": {
            "value": 234.86272868704287,
            "min": 4.805848023570176,
            "max": 234.86272868704287,
            "count": 39
        },
        "MoveToGoal.Losses.ValueLoss.sum": {
            "value": 234.86272868704287,
            "min": 4.805848023570176,
            "max": 234.86272868704287,
            "count": 39
        },
        "MoveToGoal.Policy.LearningRate.mean": {
            "value": 0.0002997183582938807,
            "min": 0.0002997183582938807,
            "max": 0.00029999279760240075,
            "count": 39
        },
        "MoveToGoal.Policy.LearningRate.sum": {
            "value": 0.0002997183582938807,
            "min": 0.0002997183582938807,
            "max": 0.00029999279760240075,
            "count": 39
        },
        "MoveToGoal.Policy.Epsilon.mean": {
            "value": 0.19990611940000003,
            "min": 0.19990611940000003,
            "max": 0.19999759920000001,
            "count": 39
        },
        "MoveToGoal.Policy.Epsilon.sum": {
            "value": 0.19990611940000003,
            "min": 0.19990611940000003,
            "max": 0.19999759920000001,
            "count": 39
        },
        "MoveToGoal.Policy.Beta.mean": {
            "value": 0.0004995399850600001,
            "min": 0.0004995399850600001,
            "max": 0.0004999882360800001,
            "count": 39
        },
        "MoveToGoal.Policy.Beta.sum": {
            "value": 0.0004995399850600001,
            "min": 0.0004995399850600001,
            "max": 0.0004999882360800001,
            "count": 39
        }
    },
    "metadata": {
        "timer_format_version": "0.1.0",
        "start_time_seconds": "1692783927",
        "python_version": "3.9.13 (main, Aug 25 2022, 23:51:50) [MSC v.1916 64 bit (AMD64)]",
        "command_line_arguments": "C:\\Users\\Ho Yan\\Final MSc\\venv\\Scripts\\mlagents-learn config/MoveToGoal.yaml --run-id=Test1",
        "mlagents_version": "0.30.0",
        "mlagents_envs_version": "0.30.0",
        "communication_protocol_version": "1.5.0",
        "pytorch_version": "2.0.1+cpu",
        "numpy_version": "1.21.2",
        "end_time_seconds": "1692784230"
    },
    "total": 303.27014180000003,
    "count": 1,
    "self": 0.005267200000048433,
    "children": {
        "run_training.setup": {
            "total": 0.08592920000000004,
            "count": 1,
            "self": 0.08592920000000004
        },
        "TrainerController.start_learning": {
            "total": 303.1789454,
            "count": 1,
            "self": 0.6111834000021759,
            "children": {
                "TrainerController._reset_env": {
                    "total": 6.3643586999999995,
                    "count": 1,
                    "self": 6.3643586999999995
                },
                "TrainerController.advance": {
                    "total": 296.10943729999775,
                    "count": 23640,
                    "self": 0.5325147000000356,
                    "children": {
                        "env_step": {
                            "total": 158.89008909999697,
                            "count": 23640,
                            "self": 141.96521630000288,
                            "children": {
                                "SubprocessEnvManager._take_step": {
                                    "total": 16.589158299996654,
                                    "count": 23640,
                                    "self": 1.5097483000001635,
                                    "children": {
                                        "TorchPolicy.evaluate": {
                                            "total": 15.079409999996491,
                                            "count": 23640,
                                            "self": 15.079409999996491
                                        }
                                    }
                                },
                                "workers": {
                                    "total": 0.3357144999974384,
                                    "count": 23639,
                                    "self": 0.0,
                                    "children": {
                                        "worker_root": {
                                            "total": 296.0055347999985,
                                            "count": 23639,
                                            "is_parallel": true,
                                            "self": 189.9264890999994,
                                            "children": {
                                                "steps_from_proto": {
                                                    "total": 0.0006788999999995937,
                                                    "count": 1,
                                                    "is_parallel": true,