{
    "name": "root",
    "gauges": {
        "MoveToGoal.Policy.Entropy.mean": {
            "value": -0.7966157793998718,
            "min": -0.7966157793998718,
            "max": 1.4189382791519165,
            "count": 93
        },
        "MoveToGoal.Policy.Entropy.sum": {
            "value": -7790.90234375,
            "min": -7839.619140625,
            "max": 14649.328125,
            "count": 93
        },
        "MoveToGoal.Environment.EpisodeLength.mean": {
            "value": 840.8571428571429,
            "min": 19.9581589958159,
            "max": 2499.0,
            "count": 92
        },
        "MoveToGoal.Environment.EpisodeLength.sum": {
            "value": 5886.0,
            "min": 2758.0,
            "max": 23565.0,
            "count": 92
        },
        "MoveToGoal.Step.mean": {
            "value": 929960.0,
            "min": 9994.0,
            "max": 929960.0,
            "count": 93
        },
        "MoveToGoal.Step.sum": {
            "value": 929960.0,
            "min": 9994.0,
            "max": 929960.0,
            "count": 93
        },
        "MoveToGoal.Policy.ExtrinsicValueEstimate.mean": {
            "value": 15.988164901733398,
            "min": -26.43975067138672,
            "max": 25.73613929748535,
            "count": 93
        },
        "MoveToGoal.Policy.ExtrinsicValueEstimate.sum": {
            "value": 2542.1181640625,
            "min": -4256.7998046875,
            "max": 4658.2412109375,
            "count": 93
        },
        "MoveToGoal.Policy.GailValueEstimate.mean": {
            "value": 14.753070831298828,
            "min": 12.41817855834961,
            "max": 30.554521560668945,
            "count": 93
        },
        "MoveToGoal.Policy.GailValueEstimate.sum": {
            "value": 2345.73828125,
            "min": 2092.93212890625,
            "max": 11898.44140625,
            "count": 93
        },
        "MoveToGoal.Environment.CumulativeReward.mean": {
            "value": 344.2857142857143,
            "min": -432.5,
            "max": 344.2857142857143,
            "count": 92
        },
        "MoveToGoal.Environment.CumulativeReward.sum": {
            "value": 2410.0,
            "min": -3565.0,
            "max": 3050.0,
            "count": 92
        },
        "MoveToGoal.Policy.ExtrinsicReward.mean": {
            "value": 344.2857142857143,
            "min": -432.5,
            "max": 344.2857142857143,
            "count": 92
        },
        "MoveToGoal.Policy.ExtrinsicReward.sum": {
            "value": 2410.0,
            "min": -3565.0,
            "max": 3050.0,
            "count": 92
        },
        "MoveToGoal.Policy.GailReward.mean": {
            "value": 52.029207835772205,
            "min": 11.712783702264542,
            "max": 632.1358034213384,
            "count": 92
        },
        "MoveToGoal.Policy.GailReward.sum": {
            "value": 364.20445485040545,
            "min": 242.68375670909882,
            "max": 6129.750543534756,
            "count": 92
        },
        "MoveToGoal.IsTraining.mean": {
            "value": 1.0,
            "min": 1.0,
            "max": 1.0,
            "count": 93
        },
        "MoveToGoal.IsTraining.sum": {
            "value": 1.0,
            "min": 1.0,
            "max": 1.0,
            "count": 93
        },
        "MoveToGoal.Losses.PolicyLoss.mean": {
            "value": 0.07404055660320581,
            "min": 0.041005793831753706,
            "max": 0.13119046288998204,
            "count": 77
        },
        "MoveToGoal.Losses.PolicyLoss.sum": {
            "value": 0.07404055660320581,
            "min": 0.041005793831753706,
            "max": 0.13119046288998204,
            "count": 77
        },
        "MoveToGoal.Losses.ValueLoss.mean": {
            "value": 14.10490159711976,
            "min": 8.93754021672235,
            "max": 98.60283329175866,
            "count": 77
        },
        "MoveToGoal.Losses.ValueLoss.sum": {
            "value": 14.10490159711976,
            "min": 8.93754021672235,
            "max": 98.60283329175866,
            "count": 77
        },
        "MoveToGoal.Policy.LearningRate.mean": {
            "value": 0.00029944382778539084,
            "min": 0.00029944382778539084,
            "max": 0.0002999927712024095,
            "count": 77
        },
        "MoveToGoal.Policy.LearningRate.sum": {
            "value": 0.00029944382778539084,
            "min": 0.00029944382778539084,
            "max": 0.0002999927712024095,
            "count": 77
        },
        "MoveToGoal.Policy.Epsilon.mean": {
            "value": 0.1998146092,
            "min": 0.1998146092,
            "max": 0.19999759040000004,
            "count": 77
        },
        "MoveToGoal.Policy.Epsilon.sum": {
            "value": 0.1998146092,
            "min": 0.1998146092,
            "max": 0.19999759040000004,
            "count": 77
        },
        "MoveToGoal.Policy.Beta.mean": {
            "value": 0.0004990915850800001,
            "min": 0.0004990915850800001,
            "max": 0.0004999881929600002,
            "count": 77
        },
        "MoveToGoal.Policy.Beta.sum": {
            "value": 0.0004990915850800001,
            "min": 0.0004990915850800001,
            "max": 0.0004999881929600002,
            "count": 77
        },
        "MoveToGoal.Policy.GAILPolicyEstimate.mean": {
            "value": 0.2301838489762251,
            "min": 0.13825477440412162,
            "max": 0.3064131347845632,
            "count": 77
        },
        "MoveToGoal.Policy.GAILPolicyEstimate.sum": {
            "value": 0.2301838489762251,
            "min": 0.13825477440412162,
            "max": 0.3064131347845632,
            "count": 77
        },
        "MoveToGoal.Policy.GAILExpertEstimate.mean": {
            "value": 0.7330739226030267,
            "min": 0.6453486161029085,
            "max": 0.7862840489292822,
            "count": 77
        },
        "MoveToGoal.Policy.GAILExpertEstimate.sum": {
            "value": 0.7330739226030267,
            "min": 0.6453486161029085,
            "max": 0.7862840489292822,
            "count": 77
        },
        "MoveToGoal.Losses.GAILLoss.mean": {
            "value": 0.6963593912297401,
            "min": 0.4424877149838928,
            "max": 0.8830341709696728,
            "count": 77
        },
        "MoveToGoal.Losses.GAILLoss.sum": {
            "value": 0.6963593912297401,
            "min": 0.4424877149838928,
            "max": 0.8830341709696728,
            "count": 77
        },
        "MoveToGoal.Policy.GAILGradMagLoss.mean": {
            "value": 0.06293364232271045,
            "min": 0.02730687219730538,
            "max": 6.98471060035922,
            "count": 77
        },
        "MoveToGoal.Policy.GAILGradMagLoss.sum": {
            "value": 0.06293364232271045,
            "min": 0.02730687219730538,
            "max": 6.98471060035922,
            "count": 77
        },
        "MoveToGoal.Losses.PretrainingLoss.mean": {
            "value": 0.024784360417268343,
            "min": 0.019182504125175966,
            "max": 1.2596018759031145,
            "count": 77
        },
        "MoveToGoal.Losses.PretrainingLoss.sum": {
            "value": 0.024784360417268343,
            "min": 0.019182504125175966,
            "max": 1.2596018759031145,
            "count": 77
        }
    },
    "metadata": {
        "timer_format_version": "0.1.0",
        "start_time_seconds": "1692819492",
        "python_version": "3.9.13 (main, Aug 25 2022, 23:51:50) [MSC v.1916 64 bit (AMD64)]",
        "command_line_arguments": "C:\\Users\\Ho Yan\\Final MSc\\venv\\Scripts\\mlagents-learn config/MoveToGoal.yaml --run-id=Test22",
        "mlagents_version": "0.30.0",
        "mlagents_envs_version": "0.30.0",
        "communication_protocol_version": "1.5.0",
        "pytorch_version": "2.0.1+cpu",
        "numpy_version": "1.21.2",