{
    "name": "root",
    "gauges": {
        "MoveToGoal.Policy.Entropy.mean": {
            "value": 1.433640956878662,
            "min": 1.4189382791519165,
            "max": 1.4349712133407593,
            "count": 25
        },
        "MoveToGoal.Policy.Entropy.sum": {
            "value": 14279.0634765625,
            "min": 13977.08984375,
            "max": 14724.322265625,
            "count": 25
        },
        "MoveToGoal.Environment.EpisodeLength.mean": {
            "value": 16.67142857142857,
            "min": 5.971473851030111,
            "max": 21.40087145969499,
            "count": 25
        },
        "MoveToGoal.Environment.EpisodeLength.sum": {
            "value": 9336.0,
            "min": 6690.0,
            "max": 11364.0,
            "count": 25
        },
        "MoveToGoal.Step.mean": {
            "value": 249948.0,
            "min": 9950.0,
            "max": 249948.0,
            "count": 25
        },
        "MoveToGoal.Step.sum": {
            "value": 249948.0,
            "min": 9950.0,
            "max": 249948.0,
            "count": 25
        },
        "MoveToGoal.Policy.ExtrinsicValueEstimate.mean": {
            "value": -13.161803245544434,
            "min": -52.46512985229492,
            "max": -0.8459180593490601,
            "count": 25
        },
        "MoveToGoal.Policy.ExtrinsicValueEstimate.sum": {
            "value": -8660.466796875,
            "min": -39506.2421875,
            "max": -1082.775146484375,
            "count": 25
        },
        "MoveToGoal.Environment.CumulativeReward.mean": {
            "value": -12.78673835125448,
            "min": -50.693343898573694,
            "max": -12.603603603603604,
            "count": 25
        },
        "MoveToGoal.Environment.CumulativeReward.sum": {
            "value": -7135.0,
            "min": -63975.0,
            "max": -5820.0,
            "count": 25
        },
        "MoveToGoal.Policy.ExtrinsicReward.mean": {
            "value": -12.78673835125448,
            "min": -50.693343898573694,
            "max": -12.603603603603604,
            "count": 25
        },
        "MoveToGoal.Policy.ExtrinsicReward.sum": {
            "value": -7135.0,
            "min": -63975.0,
            "max": -5820.0,
            "count": 25
        },
        "MoveToGoal.IsTraining.mean": {
            "value": 1.0,
            "min": 1.0,
            "max": 1.0,
            "count": 25
        },
        "MoveToGoal.IsTraining.sum": {
            "value": 1.0,
            "min": 1.0,
            "max": 1.0,
            "count": 25
        },
        "MoveToGoal.Losses.PolicyLoss.mean": {
            "value": 0.05200133568455353,
            "min": 0.04750271672990335,
            "max": 0.20373005696666846,
            "count": 20
        },
        "MoveToGoal.Losses.PolicyLoss.sum": {
            "value": 0.05200133568455353,
            "min": 0.04750271672990335,
            "max": 0.20373005696666846,
            "count": 20
        },
        "MoveToGoal.Losses.ValueLoss.mean": {
            "value": 6.972820336091603,
            "min": 5.8634566127831205,
            "max": 790.2714180324389,
            "count": 20
        },
        "MoveToGoal.Losses.ValueLoss.sum": {
            "value": 6.972820336091603,
            "min": 5.8634566127831205,
            "max": 790.2714180324389,
            "count": 20
        },
        "MoveToGoal.Policy.LearningRate.mean": {
            "value": 0.00029985563344812216,
            "min": 0.00029985563344812216,
            "max": 0.0002999927922024026,
            "count": 20
        },
        "MoveToGoal.Policy.LearningRate.sum": {
            "value": 0.00029985563344812216,
            "min": 0.00029985563344812216,
            "max": 0.0002999927922024026,
            "count": 20
        },
        "MoveToGoal.Policy.Epsilon.mean": {
            "value": 4.812220000000034e-05,
            "min": 2.402599999992705e-06,
            "max": 4.812220000000034e-05,
            "count": 20
        },
        "MoveToGoal.Policy.Epsilon.sum": {
            "value": 4.812220000000034e-05,
            "min": 2.402599999992705e-06,
            "max": 4.812220000000034e-05,
            "count": 20
        },
        "MoveToGoal.Policy.Beta.mean": {
            "value": 0.0004997642012200001,
            "min": 0.0004997642012200001,
            "max": 0.00049998822726,
            "count": 20
        },
        "MoveToGoal.Policy.Beta.sum": {
            "value": 0.0004997642012200001,
            "min": 0.0004997642012200001,
            "max": 0.00049998822726,
            "count": 20
        }
    },
    "metadata": {
        "timer_format_version": "0.1.0",
        "start_time_seconds": "1692795335",
        "python_version": "3.9.13 (main, Aug 25 2022, 23:51:50) [MSC v.1916 64 bit (AMD64)]",
        "command_line_arguments": "C:\\Users\\Ho Yan\\Final MSc\\venv\\Scripts\\mlagents-learn config/MoveToGoal.yaml --run-id=Test7",
        "mlagents_version": "0.30.0",
        "mlagents_envs_version": "0.30.0",
        "communication_protocol_version": "1.5.0",
        "pytorch_version": "2.0.1+cpu",
        "numpy_version": "1.21.2",
        "end_time_seconds": "1692795605"
    },
    "total": 270.6010258,
    "count": 1,
    "self": 0.004300399999976889,
    "children": {
        "run_training.setup": {
            "total": 0.07772369999999995,
            "count": 1,
            "self": 0.07772369999999995
        },
        "TrainerController.start_learning": {
            "total": 270.51900170000005,
            "count": 1,
            "self": 0.27790790000040033,
            "children": {
                "TrainerController._reset_env": {
                    "total": 5.810715,
                    "count": 1,
                    "self": 5.810715
                },
                "TrainerController.advance": {
                    "total": 264.3335019999996,
                    "count": 12803,
                    "self": 0.22884599999730426,
                    "children": {
                        "env_step": {
                            "total": 190.59980150000146,
                            "count": 12803,
                            "self": 182.87366119999996,
                            "children": {
                                "SubprocessEnvManager._take_step": {
                                    "total": 7.574925200000792,
                                    "count": 12803,
                                    "self": 0.604417400001104,
                                    "children": {
                                        "TorchPolicy.evaluate": {
                                            "total": 6.970507799999688,
                                            "count": 12801,
                                            "self": 6.970507799999688
                                        }
                                    }
                                },
                                "workers": {
                                    "total": 0.1512151000007078,
                                    "count": 12802,
                                    "self": 0.0,
                                    "children": {
                                        "worker_root": {
                                            "total": 146.4414140999999,
                                            "count": 12802,
                                            "is_parallel": true,
                                            "self": 97.78839889999998,
                                            "children": {
                                                "steps_from_proto": {
                                                    "total": 0.0005170000000003228,
                                                    "count": 1,
                                                    "is_parallel": true,
                                                    "self": 0.0001042000000017751,