{
    "name": "root",
    "gauges": {
        "MoveToGoal.Policy.Entropy.mean": {
            "value": -6.966689109802246,
            "min": -6.966689109802246,
            "max": 1.4189382791519165,
            "count": 215
        },
        "MoveToGoal.Policy.Entropy.sum": {
            "value": -68552.21875,
            "min": -70692.421875,
            "max": 14473.169921875,
            "count": 215
        },
        "MoveToGoal.Environment.EpisodeLength.mean": {
            "value": 993.6666666666666,
            "min": 16.601054481546573,
            "max": 4270.666666666667,
            "count": 213
        },
        "MoveToGoal.Environment.EpisodeLength.sum": {
            "value": 11924.0,
            "min": 1642.0,
            "max": 32933.0,
            "count": 213
        },
        "MoveToGoal.Step.mean": {
            "value": 2149939.0,
            "min": 9993.0,
            "max": 2149939.0,
            "count": 215
        },
        "MoveToGoal.Step.sum": {
            "value": 2149939.0,
            "min": 9993.0,
            "max": 2149939.0,
            "count": 215
        },
        "MoveToGoal.Policy.ExtrinsicValueEstimate.mean": {
            "value": 18.013744354248047,
            "min": -56.10060501098633,
            "max": 49.297325134277344,
            "count": 215
        },
        "MoveToGoal.Policy.ExtrinsicValueEstimate.sum": {
            "value": 2900.212890625,
            "min": -9222.904296875,
            "max": 7887.572265625,
            "count": 215
        },
        "MoveToGoal.Policy.GailValueEstimate.mean": {
            "value": 35.97337341308594,
            "min": -12.160873413085938,
            "max": 68.87135314941406,
            "count": 215
        },
        "MoveToGoal.Policy.GailValueEstimate.sum": {
            "value": 5791.712890625,
            "min": -6907.3759765625,
            "max": 10949.1630859375,
            "count": 215
        },
        "MoveToGoal.Environment.CumulativeReward.mean": {
            "value": 435.4166666666667,
            "min": -1395.0,
            "max": 519.5454545454545,
            "count": 214
        },
        "MoveToGoal.Environment.CumulativeReward.sum": {
            "value": 5225.0,
            "min": -26305.0,
            "max": 7680.0,
            "count": 214
        },
        "MoveToGoal.Policy.ExtrinsicReward.mean": {
            "value": 435.4166666666667,
            "min": -1395.0,
            "max": 519.5454545454545,
            "count": 214
        },
        "MoveToGoal.Policy.ExtrinsicReward.sum": {
            "value": 5225.0,
            "min": -26305.0,
            "max": 7680.0,
            "count": 214
        },
        "MoveToGoal.Policy.GailReward.mean": {
            "value": 247.05346978176385,
            "min": 3.018029791106221,
            "max": 2957.937513768673,
            "count": 214
        },
        "MoveToGoal.Policy.GailReward.sum": {
            "value": 2964.641637381166,
            "min": 197.70155382156372,
            "max": 20069.377278268337,
            "count": 214
        },
        "MoveToGoal.IsTraining.mean": {
            "value": 1.0,
            "min": 1.0,
            "max": 1.0,
            "count": 215
        },
        "MoveToGoal.IsTraining.sum": {
            "value": 1.0,
            "min": 1.0,
            "max": 1.0,
            "count": 215
        },
        "MoveToGoal.Losses.PolicyLoss.mean": {
            "value": 0.26439360782821125,
            "min": 0.047551694569056446,
            "max": 0.928263181592635,
            "count": 178
        },
        "MoveToGoal.Losses.PolicyLoss.sum": {
            "value": 0.26439360782821125,
            "min": 0.047551694569056446,
            "max": 0.928263181592635,
            "count": 178
        },
        "MoveToGoal.Losses.ValueLoss.mean": {
            "value": 35.895943350825746,
            "min": 9.684180821087343,
            "max": 412.3671576458475,
            "count": 178
        },
        "MoveToGoal.Losses.ValueLoss.sum": {
            "value": 35.895943350825746,
            "min": 9.684180821087343,
            "max": 412.3671576458475,
            "count": 178
        },
        "MoveToGoal.Policy.LearningRate.mean": {
            "value": 0.000287140042286654,
            "min": 0.000287140042286654,
            "max": 0.00029992785002404997,
            "count": 178
        },
        "MoveToGoal.Policy.LearningRate.sum": {
            "value": 0.000287140042286654,
            "min": 0.000287140042286654,
            "max": 0.00029992785002404997,
            "count": 178
        },
        "MoveToGoal.Policy.Epsilon.mean": {
            "value": 0.195713346,
            "min": 0.195713346,
            "max": 0.19997595000000004,
            "count": 178
        },
        "MoveToGoal.Policy.Epsilon.sum": {
            "value": 0.195713346,
            "min": 0.195713346,
            "max": 0.19997595000000004,
            "count": 178
        },
        "MoveToGoal.Policy.Beta.mean": {
            "value": 0.0004789953954,
            "min": 0.0004789953954,
            "max": 0.0004998821549999999,
            "count": 178
        },
        "MoveToGoal.Policy.Beta.sum": {
            "value": 0.0004789953954,
            "min": 0.0004789953954,
            "max": 0.0004998821549999999,
            "count": 178
        },
        "MoveToGoal.Policy.GAILPolicyEstimate.mean": {
            "value": 0.21247997309299224,
            "min": 0.14074364309826642,
            "max": 0.3853799049735915,
            "count": 178
        },
        "MoveToGoal.Policy.GAILPolicyEstimate.sum": {
            "value": 0.21247997309299224,
            "min": 0.14074364309826642,
            "max": 0.3853799049735915,
            "count": 178
        },
        "MoveToGoal.Policy.GAILExpertEstimate.mean": {
            "value": 0.7595926561254136,
            "min": 0.6163861413374014,
            "max": 0.8007350788600203,
            "count": 178
        },
        "MoveToGoal.Policy.GAILExpertEstimate.sum": {
            "value": 0.7595926561254136,
            "min": 0.6163861413374014,
            "max": 0.8007350788600203,
            "count": 178
        },
        "MoveToGoal.Losses.GAILLoss.mean": {
            "value": 0.6499470032698719,
            "min": 0.47978702705839404,
            "max": 1.0708751746103273,
            "count": 178
        },
        "MoveToGoal.Losses.GAILLoss.sum": {
            "value": 0.6499470032698719,
            "min": 0.47978702705839404,
            "max": 1.0708751746103273,
            "count": 178
        },
        "MoveToGoal.Policy.GAILGradMagLoss.mean": {
            "value": 0.04032080878127128,
            "min": 0.03419837749279137,
            "max": 5.685572398745495,
            "count": 178
        },
        "MoveToGoal.Policy.GAILGradMagLoss.sum": {
            "value": 0.04032080878127128,
            "min": 0.03419837749279137,
            "max": 5.685572398745495,
            "count": 178
        },
        "MoveToGoal.Losses.PretrainingLoss.mean": {
            "value": 0.005273337767917722,
            "min": 0.0030822499526452726,
            "max": 1.059798942119987,
            "count": 178
        },
        "MoveToGoal.Losses.PretrainingLoss.sum": {
            "value": 0.005273337767917722,
            "min": 0.0030822499526452726,
            "max": 1.059798942119987,
            "count": 178
        }
    },
    "metadata": {
        "timer_format_version": "0.1.0",
        "start_time_seconds": "1692825661",
        "python_version": "3.9.13 (main, Aug 25 2022, 23:51:50) [MSC v.1916 64 bit (AMD64)]",
        "command_line_arguments": "C:\\Users\\Ho Yan\\Final MSc\\venv\\Scripts\\mlagents-learn config/MoveToGoal.yaml --run-id=Test30",
        "mlagents_version": "0.30.0",
        "mlagents_envs_version": "0.30.0",
        "communication_protocol_version": "1.5.0",
        "pytorch_version": "2.0.1+cpu",
        "numpy_version": "1.21.2",