{
    "name": "root",
    "gauges": {
        "MoveToGoal.Policy.Entropy.mean": {
            "value": -4.96648645401001,
            "min": -4.96648645401001,
            "max": -3.29350209236145,
            "count": 92
        },
        "MoveToGoal.Policy.Entropy.sum": {
            "value": -48870.2265625,
            "min": -49669.953125,
            "max": -33293.94140625,
            "count": 92
        },
        "MoveToGoal.Environment.EpisodeLength.mean": {
            "value": 1669.8333333333333,
            "min": 630.3636363636364,
            "max": 10582.0,
            "count": 84
        },
        "MoveToGoal.Environment.EpisodeLength.sum": {
            "value": 10019.0,
            "min": 960.0,
            "max": 32531.0,
            "count": 84
        },
        "MoveToGoal.Step.mean": {
            "value": 919959.0,
            "min": 9953.0,
            "max": 919959.0,
            "count": 92
        },
        "MoveToGoal.Step.sum": {
            "value": 919959.0,
            "min": 9953.0,
            "max": 919959.0,
            "count": 92
        },
        "MoveToGoal.Policy.ExtrinsicValueEstimate.mean": {
            "value": 43.14820098876953,
            "min": -32.57119369506836,
            "max": 48.98286819458008,
            "count": 92
        },
        "MoveToGoal.Policy.ExtrinsicValueEstimate.sum": {
            "value": 6860.56396484375,
            "min": -5081.10595703125,
            "max": 7857.099609375,
            "count": 92
        },
        "MoveToGoal.Policy.GailValueEstimate.mean": {
            "value": 45.82810974121094,
            "min": 36.61432647705078,
            "max": 90.09568786621094,
            "count": 92
        },
        "MoveToGoal.Policy.GailValueEstimate.sum": {
            "value": 7286.66943359375,
            "min": 5858.2919921875,
            "max": 14054.9267578125,
            "count": 92
        },
        "MoveToGoal.Environment.CumulativeReward.mean": {
            "value": 747.5,
            "min": -1293.3333333333333,
            "max": 1195.0,
            "count": 84
        },
        "MoveToGoal.Environment.CumulativeReward.sum": {
            "value": 4485.0,
            "min": -3880.0,
            "max": 7480.0,
            "count": 84
        },
        "MoveToGoal.Policy.ExtrinsicReward.mean": {
            "value": 747.5,
            "min": -1293.3333333333333,
            "max": 1195.0,
            "count": 84
        },
        "MoveToGoal.Policy.ExtrinsicReward.sum": {
            "value": 4485.0,
            "min": -3880.0,
            "max": 7480.0,
            "count": 84
        },
        "MoveToGoal.Policy.GailReward.mean": {
            "value": 612.0257662534714,
            "min": 208.14145375788212,
            "max": 8892.110061645508,
            "count": 84
        },
        "MoveToGoal.Policy.GailReward.sum": {
            "value": 3672.1545975208282,
            "min": 325.56673526763916,
            "max": 26974.11519765854,
            "count": 84
        },
        "MoveToGoal.IsTraining.mean": {
            "value": 1.0,
            "min": 1.0,
            "max": 1.0,
            "count": 92
        },
        "MoveToGoal.IsTraining.sum": {
            "value": 1.0,
            "min": 1.0,
            "max": 1.0,
            "count": 92
        },
        "MoveToGoal.Losses.PolicyLoss.mean": {
            "value": 0.24230144579782553,
            "min": 0.15042045916282182,
            "max": 0.3144429869058987,
            "count": 76
        },
        "MoveToGoal.Losses.PolicyLoss.sum": {
            "value": 0.24230144579782553,
            "min": 0.15042045916282182,
            "max": 0.3144429869058987,
            "count": 76
        },
        "MoveToGoal.Losses.ValueLoss.mean": {
            "value": 30.71365809609704,
            "min": 14.542675870530148,
            "max": 118.02888068599978,
            "count": 76
        },
        "MoveToGoal.Losses.ValueLoss.sum": {
            "value": 30.71365809609704,
            "min": 14.542675870530148,
            "max": 118.02888068599978,
            "count": 76
        },
        "MoveToGoal.Policy.LearningRate.mean": {
            "value": 0.00029945113698295444,
            "min": 0.00029945113698295444,
            "max": 0.0002999927922024026,
            "count": 76
        },
        "MoveToGoal.Policy.LearningRate.sum": {
            "value": 0.00029945113698295444,
            "min": 0.00029945113698295444,
            "max": 0.0002999927922024026,
            "count": 76
        },
        "MoveToGoal.Policy.Epsilon.mean": {
            "value": 0.19981704560000002,
            "min": 0.19981704560000002,
            "max": 0.19999759739999998,
            "count": 76
        },
        "MoveToGoal.Policy.Epsilon.sum": {
            "value": 0.19981704560000002,
            "min": 0.19981704560000002,
            "max": 0.19999759739999998,
            "count": 76
        },
        "MoveToGoal.Policy.Beta.mean": {
            "value": 0.00049910352344,
            "min": 0.00049910352344,
            "max": 0.00049998822726,
            "count": 76
        },
        "MoveToGoal.Policy.Beta.sum": {
            "value": 0.00049910352344,
            "min": 0.00049910352344,
            "max": 0.00049998822726,
            "count": 76
        },
        "MoveToGoal.Policy.GAILPolicyEstimate.mean": {
            "value": 0.31334092420466403,
            "min": 0.20812679233326428,
            "max": 0.47055574807714906,
            "count": 76
        },
        "MoveToGoal.Policy.GAILPolicyEstimate.sum": {
            "value": 0.31334092420466403,
            "min": 0.20812679233326428,
            "max": 0.47055574807714906,
            "count": 76
        },
        "MoveToGoal.Policy.GAILExpertEstimate.mean": {
            "value": 0.6745924759418407,
            "min": 0.5207883931220846,
            "max": 0.7413739555555842,
            "count": 76
        },
        "MoveToGoal.Policy.GAILExpertEstimate.sum": {
            "value": 0.6745924759418407,
            "min": 0.5207883931220846,
            "max": 0.7413739555555842,
            "count": 76
        },
        "MoveToGoal.Losses.GAILLoss.mean": {
            "value": 0.8865797874775339,
            "min": 0.5924593741479127,
            "max": 1.3263520171456302,
            "count": 76
        },
        "MoveToGoal.Losses.GAILLoss.sum": {
            "value": 0.8865797874775339,
            "min": 0.5924593741479127,
            "max": 1.3263520171456302,
            "count": 76
        },
        "MoveToGoal.Policy.GAILGradMagLoss.mean": {
            "value": 0.04513961499464427,
            "min": 0.019178340852638517,
            "max": 0.13457346688686073,
            "count": 76
        },
        "MoveToGoal.Policy.GAILGradMagLoss.sum": {
            "value": 0.04513961499464427,
            "min": 0.019178340852638517,
            "max": 0.13457346688686073,
            "count": 76
        },
        "MoveToGoal.Losses.PretrainingLoss.mean": {
            "value": 0.007276139770900565,
            "min": 0.0060906294485672365,
            "max": 0.06579742564391049,
            "count": 76
        },
        "MoveToGoal.Losses.PretrainingLoss.sum": {
            "value": 0.007276139770900565,
            "min": 0.0060906294485672365,
            "max": 0.06579742564391049,
            "count": 76
        }
    },
    "metadata": {
        "timer_format_version": "0.1.0",
        "start_time_seconds": "1692821186",
        "python_version": "3.9.13 (main, Aug 25 2022, 23:51:50) [MSC v.1916 64 bit (AMD64)]",
        "command_line_arguments": "C:\\Users\\Ho Yan\\Final MSc\\venv\\Scripts\\mlagents-learn config/MoveToGoal.yaml --initialize-from=Test24 --run-id=Test25",
        "mlagents_version": "0.30.0",
        "mlagents_envs_version": "0.30.0",
        "communication_protocol_version": "1.5.0",
        "pytorch_version": "2.0.1+cpu",
        "numpy_version": "1.21.2",